{"options":{},"indexes":[{"v":2,"key":{"_id":1},"name":"_id_","ns":"skdev.commissionsklogistics"},{"v":2,"unique":true,"key":{"wmf":1,"lmf":1,"id":1,"boxId":1,"boxType":1,"franchiseSubType":1,"franchiseType":1,"state":1,"district":1,"town":1},"name":"wmf_1_lmf_1_id_1_boxId_1_boxType_1_franchiseSubType_1_franchiseType_1_state_1_district_1_town_1","ns":"skdev.commissionsklogistics","sparse":true,"background":true},{"v":2,"key":{"lastUpdated":1},"name":"lastUpdated_1","ns":"skdev.commissionsklogistics","background":true},{"v":2,"key":{"createdAt":1},"name":"createdAt_1","ns":"skdev.commissionsklogistics","background":true}]}