{"options":{},"indexes":[{"v":2,"key":{"_id":1},"name":"_id_","ns":"skdev.configpytaggregators"},{"v":2,"unique":true,"key":{"name":1},"name":"name_1","background":true,"ns":"skdev.configpytaggregators"},{"v":2,"unique":true,"key":{"key":1},"name":"key_1","background":true,"ns":"skdev.configpytaggregators"},{"v":2,"key":{"lastUpdated":1},"name":"lastUpdated_1","ns":"skdev.configpytaggregators","background":true},{"v":2,"key":{"createdAt":1},"name":"createdAt_1","ns":"skdev.configpytaggregators","background":true}]}