{"options":{},"indexes":[{"v":2,"key":{"_id":1},"name":"_id_","ns":"skdev.configbanks"},{"v":2,"unique":true,"key":{"name":1},"name":"name_1","background":true,"ns":"skdev.configbanks"},{"v":2,"unique":true,"key":{"folderName":1},"name":"folderName_1","background":true,"ns":"skdev.configbanks"},{"v":2,"unique":true,"key":{"ifsc":1,"acNumber":1},"name":"ifsc_1_acNumber_1","background":true,"ns":"skdev.configbanks"},{"v":2,"key":{"lastUpdated":1},"name":"lastUpdated_1","ns":"skdev.configbanks","background":true},{"v":2,"key":{"createdAt":1},"name":"createdAt_1","ns":"skdev.configbanks","background":true}]}