{"options":{},"indexes":[{"v":2,"key":{"_id":1},"name":"_id_","ns":"skdev.franchises"},{"v":2,"unique":true,"key":{"OwnerMobileNo":1},"name":"OwnerMobileNo_1","ns":"skdev.franchises","background":true},{"v":2,"unique":true,"key":{"name":1},"name":"name_1","background":true,"ns":"skdev.franchises"},{"v":2,"key":{"shop_details.geolocation":"2dsphere"},"name":"shop_details.geolocation_2dsphere","ns":"skdev.franchises","background":true,"2dsphereIndexVersion":3},{"v":2,"key":{"lastUpdated":1},"name":"lastUpdated_1","ns":"skdev.franchises","background":true},{"v":2,"key":{"createdAt":1},"name":"createdAt_1","background":true,"ns":"skdev.franchises"}]}