{"options":{},"indexes":[{"v":2,"key":{"_id":1},"name":"_id_","ns":"skdev.rechargeorders"},{"v":2,"unique":true,"key":{"transactionId":1,"franchise":1,"createdAt":1},"name":"transactionId_1_franchise_1_createdAt_1","ns":"skdev.rechargeorders","background":true},{"v":2,"unique":true,"key":{"transactionId":1,"franchise":1,"createdAt":1,"customer":1},"name":"transactionId_1_franchise_1_createdAt_1_customer_1","ns":"skdev.rechargeorders","background":true},{"v":2,"key":{"lastUpdated":1},"name":"lastUpdated_1","ns":"skdev.rechargeorders","background":true},{"v":2,"key":{"createdAt":1},"name":"createdAt_1","ns":"skdev.rechargeorders","background":true}]}