{"options":{},"indexes":[{"v":2,"key":{"_id":1},"name":"_id_","ns":"skdev.rules"},{"v":2,"unique":true,"key":{"category":1,"brand":1,"mps":1,"deal":1,"state":1,"district":1,"town":1,"franchise":1,"franchiseType":1},"name":"category_1_brand_1_mps_1_deal_1_state_1_district_1_town_1_franchise_1_franchiseType_1","ns":"skdev.rules","sparse":true,"background":true},{"v":2,"key":{"lastUpdated":1},"name":"lastUpdated_1","ns":"skdev.rules","background":true},{"v":2,"key":{"createdAt":1},"name":"createdAt_1","ns":"skdev.rules","background":true}]}